<mujoco model="go1_scene">
  <!-- 1) 로봇 본체 불러오기 -->
  <include file="go1.xml"/>

  <statistic center="1.0 0.7 1.0" extent="0.8"/>

  <visual>
    <headlight diffuse="0.6 0.6 0.6" ambient="0.1 0.1 0.1" specular="0.9 0.9 0.9"/>
    <rgba haze="0.15 0.25 0.35 1"/>
    <global azimuth="-140" elevation="-20"/>
  </visual>

  <asset>
    <texture type="skybox" builtin="flat" rgb1="0 0 0" rgb2="0 0 0" width="512" height="3072"/>
    <texture type="2d" name="groundplane" builtin="checker" mark="edge" rgb1="0.2 0.3 0.4" rgb2="0.1 0.2 0.3" markrgb="0.8 0.8 0.8" width="300" height="300"/>
    <material name="groundplane" texture="groundplane" texuniform="true" texrepeat="5 5" reflectance="0.2"/>
  <!-- <hfield name="terrain_hf"
          file="my_terrain.npy"
          size="10 10 1 0.1"/>

  <texture type="2d" name="terrain_tex" builtin="checker"
           rgb1="0.3 0.25 0.2" rgb2="0.25 0.2 0.15"
           width="100" height="100"/>
  <material name="terrain_mat" texture="terrain_tex"
            texuniform="true" reflectance="0.1"/> -->


  </asset>

  <worldbody>
    <light pos="1 0 3.5" dir="0 0 -1" directional="true"/>
    <geom name="floor" size="0 0 0.05" type="plane" material="groundplane"/>
    <!-- <geom name="terrain" type="hfield" hfield="terrain_hf" material="terrain_mat"
        contype="1" conaffinity="1"/> -->
    <geom type="box" size="0.5 1.5 0.15" pos="1.0 0 0.0"   material="groundplane"/>
    <geom type="box" size="0.5 1.5 0.3" pos="1.2 0 0.0"   material="groundplane"/>
    <geom type="box" size="0.5 1.5 0.45" pos="1.4 0 0.0"   material="groundplane"/>
    <geom type="box" size="0.5 1.5 0.60" pos="1.6 0 0.0"   material="groundplane"/>
    <geom type="box" size="0.5 1.5 0.75" pos="1.8 0 0.0"   material="groundplane"/>
    <geom type="box" size="0.5 1.5 0.90" pos="2.0 0 0.0"   material="groundplane"/>

    <!-- <geom type="box" size="0.5 1.5 0.1" pos="1.0 0 0.0"   material="groundplane"/>
    <geom type="box" size="0.5 1.5 0.2" pos="1.2 0 0.0"   material="groundplane"/>
    <geom type="box" size="0.5 1.5 0.3" pos="1.4 0 0.0"   material="groundplane"/>
    <geom type="box" size="0.5 1.5 0.4" pos="1.6 0 0.0"   material="groundplane"/>
    <geom type="box" size="0.5 1.5 0.5" pos="1.8 0 0.0"   material="groundplane"/>
    <geom type="box" size="0.5 1.5 0.6" pos="2.0 0 0.0"   material="groundplane"/> -->
  </worldbody>
</mujoco>
